{
    "sum": 316971,
    "avr": 550.296875,
    "sumMD": 11506,
    "avrMD": 479.4166666666667,
    "sumSD": 13543,
    "avrSD": 564.2916666666666,
    "max": 997,
    "min": 101
}